feature_0,feature_1,feature_2,feature_3,feature_4,output_pressure,output_temperature,output_velocity
-0.752759286915825,2.704285838459497,1.3919636508684308,0.5919509051822196,-2.0638881573453807,-0.6631670897424655,1.6277417543494834,7.958533785649975
-2.0640328779827843,-2.6514983269908035,2.1970568746496113,0.606690070459253,1.2484354667762734,-0.9168606106014432,4.401284051586554,0.3240597685182615
-2.8764930342251853,2.819459112971966,1.99465584480253,-1.725965335930343,-1.9090501967573963,-0.11901674413065794,4.8207322814414635,6.750449419942937
-1.899572940879397,-1.1745465422427737,0.14853858979342682,-0.4083298881473052,-1.2526251588117485,-1.2284325940684457,0.1411766113105425,3.419419408746087
0.6711173683342766,-2.163036836087749,-1.247132108788691,-0.8018289402378498,-0.26358009469778443,0.5078147763014929,1.8982006219101804,1.2892784161404625
1.7110557683580812,-1.8019573070498416,0.08540663048166941,0.5544874131722546,-2.721297523680014,1.0539592695325095,-0.21109157361383388,15.157869526849877
0.6452691114086302,-1.9768552578762508,-2.609690442088323,2.6933132235199997,2.793792198447356,0.5421552196691091,5.630818042202287,0.16973586944225807
1.8503840886987666,-1.1723173849597759,-2.413967315961697,1.1053981590729416,-0.3590850375623922,0.9003284544822231,5.314006275977145,1.4232242811410916
-2.267770590931327,-0.028938539332378888,-2.7936688733086896,2.4559224124726926,-1.4473201103998985,-0.710206335545106,6.457036261253978,4.257865374024521
0.9751337061238918,-1.1297335434635343,0.12040812706686488,0.2802616760596779,-1.8908732668468378,0.8001451139054545,-0.08117245414407459,6.652725949744789
2.817507766587351,1.6507969401666873,2.6369936493851345,2.3689641025658927,0.5873998728665111,0.5594139977768409,5.8889166042791485,0.5579506039015631
2.531245410138701,-2.4690449876884832,-1.8241028254851288,-2.7286362665367716,-1.048018015420414,0.35436668659163817,4.630690960779278,2.9367454587309343
-0.6679362618631082,-1.3719058093566245,1.972425054911576,-0.8594800398384645,-1.3143929418757154,-0.7461375336669884,4.306798900494875,3.6913580630009104
0.25617649894949057,-2.154454650151424,1.813181884524238,-2.552696137921375,2.9213216196031038,0.031678910844796584,4.565445434800474,0.06359282732547336
1.633468615779945,-1.8077059107949656,-2.9668672972583856,1.8927685707290047,1.2411440630857022,0.7418696848687416,7.777427442868551,0.25192980416527466
1.3740430082459234,1.6276220801156747,-2.555732089595458,-0.8492056287343646,-2.3047856428492217,1.1154011276569564,7.021197371539534,9.956028602858801
2.178620555253561,0.7397887609653475,-1.0146118508841049,-2.6186498982838584,-1.1341060697060268,0.7255757001570573,2.32666734223562,3.0778051587968003
-1.0489000678395177,1.3776370700283849,0.8253448281312785,2.3232764554579592,-0.16671044902830445,-0.7389456622570394,-0.4384908980152271,1.1795602968943346
-2.28243452437019,1.2794687233379705,1.5647102917013846,0.3676631854169772,1.6258030797273655,-0.7282052647418882,2.1757374864675336,0.17528849168471577
-0.03722642181365554,0.13639697629196412,-0.434753889848702,-2.8474852395354286,-2.3526514380401733,-0.13393705839901263,1.5690077344739506,10.478787404197593
-2.8114248858795943,0.8184624675826822,-1.11386411354204,0.051424146988216624,2.445398843556558,-0.22436607731797453,1.2872193257254632,0.016375678455162954
-1.5042466251067503,-0.5377024617862216,1.533306831258292,-1.6272110070502652,-2.538120541027242,-0.9123564033105288,3.1273520270993007,12.651707151420858
-1.2614912825173918,-2.0326722764759735,2.578185914055439,1.8487222773865017,0.8004225390625406,-1.0639809091899606,5.895377853863969,0.3739031264821823
2.2287635411263063,1.822032461394687,-1.880579646683785,2.355353990939866,0.23605345149390455,0.8163901193566953,2.3189391934899164,0.8277412582886104
1.844640930984375,2.376547799540959,-1.0919791501688167,-2.3396884528339394,-1.63238902474835,1.10143026565919,2.3847311633955695,5.1202045658316235
-0.4373532682424619,1.9080885955349585,2.1643834995380606,-2.958287216812856,0.06448381546539439,-0.13865736265740725,6.2569586246663595,0.8646737129972779
-0.49553398110732605,-1.6673531371756185,-2.2808077959979034,-0.9743089715782323,2.657458223475115,-0.7404855232618351,5.547402114780627,0.05466578678643062
-1.0607824078754686,0.11274373046019637,1.2181137533710675,-0.8182223857242361,2.8306924963257636,-0.8839266546151271,1.7168314278157903,0.021364181352155343
2.7746837696526674,-1.489306225047815,-0.016508964645687296,-1.194730141099382,-1.2909570337351943,0.264806364302168,0.44507198500635403,3.652223644750489
-2.7786783158728032,0.6573860038793811,0.016074139373168705,-2.6911274925000637,-1.3281212145803314,-0.38609609792935895,1.4720805345493382,3.8409688097340005
2.4495953157999217,-1.5626286559981655,-2.1306307674526614,-0.06328343833462213,2.913902724663604,0.49235103533655544,4.516043371793983,-0.039495083059806195
-1.5476683709309975,1.0328132844352709,1.569717691972306,-1.574174736045602,1.3692980916711575,-1.0298537817985478,3.506920929080489,0.26003668591225776
-0.7933012036844804,0.7938349835614771,0.801178264565368,0.21464810444855065,-2.45826137967355,-0.6934262002934193,0.4781377995219606,11.676472357349763
2.0118149735354276,-1.075319610169585,-1.8808889376008746,-2.7553491506714165,0.5453576591294507,0.8287635444407891,4.933872901244759,0.6132014385371959
1.065386171053694,-2.900473026432863,0.07255834979568565,-1.6410253488123723,0.8710367424566989,0.425629288421719,0.9799883837880469,0.4291772608752084
-1.9538014259700514,1.1456264286147952,-0.6795879221967756,2.6203799324204073,-2.1748743351240405,-0.7689356745939281,-0.6477409333985606,8.763480599596765
-0.9536018936984489,-2.3191588725564656,2.5481617096713762,2.264036120285886,-1.4523502337090664,-1.049385051588282,5.567260396156048,4.257192916920291
0.9599042762050742,1.9033332012072952,0.33120486959677375,0.17790347013603913,-1.54888625459729,1.0647189806008492,0.14158155363591057,4.666424432531874
-2.441383393164605,2.3832945477199603,2.402508342979983,0.7986087436396074,-0.9658212537077961,-0.38365685615425155,5.475148218849767,2.680744515395985
-0.9047425523240347,1.355734073221436,2.382661559715462,2.322518545590704,1.6792532751457436,-0.5142786568560149,4.575069530270485,0.1875787805269171
0.8521898769257268,-2.495160210029707,-2.0302277154323174,2.3913251311624757,0.6385743579575394,0.5157303137047323,3.0039981185449522,0.6231042246829428
-2.944817690300222,-2.3911707428038076,0.9810106146483348,-2.969630496922688,-2.035151691495008,-0.4775651808096211,2.392078502881194,7.650379954397797
0.2924027361995165,1.15137118615616,0.9117675570156032,-1.6543841432366413,1.2730753280852154,0.415620673635091,1.5766922613022911,0.24454896070147045
-1.5765054750191996,-1.0476018110443936,1.4789484307081446,0.897797394283288,2.0953404629650674,-1.0504140810583433,1.7380523178113447,0.04734263029529649
0.9456773538020604,0.4098516200128297,-2.437951393031445,-0.7937051816433991,-1.4087857939096473,0.8567646720261554,6.32344112335317,4.0008281043655005
-1.5360621397254985,2.8380633285146732,-0.6414136519994376,2.3522793310626797,0.7868317559835774,-0.7115313267981357,-0.8100509974928118,0.37607816939143124
1.7688678212498905,0.015822558631152894,0.4614233077581549,-0.044893837086816824,-1.828542073211733,0.9118309770935309,0.3049971322315569,6.2381610627228
1.334712691569032,-1.3153658253548652,-2.854104201411277,0.8728337754430067,-1.9373359235577063,0.7744347792353784,7.805024425649051,6.96567324953872
2.642751506117486,2.7235714620155242,2.489186341322691,-0.7790477984673334,-2.9072603008267954,0.6105048471636717,6.594413229690296,18.22751575580804
2.5699113755263525,-0.43089511009611403,2.7999289142620176,2.7817198625355175,2.1180567328041606,0.6729149183296538,6.596495001758248,0.16501702452525158
-1.2333066475824859,-0.6894136283884484,2.106820029101142,-1.098467969062334,-1.983043519883445,-1.1369165401249506,4.873755708139552,7.240666943732435
0.3408075747501007,2.616928644964686,1.1761787800498382,0.4203670205361898,-2.4169410373753886,0.5266506728920615,1.153847066443459,11.21885086371867
0.6900433601950184,2.94032310062558,-2.1594959085808556,0.1099779141824202,2.2642384315677324,0.8587622065068343,4.536751390025965,0.18452016974784874
1.4446117065252269,1.1820944459716074,1.2149045039226554,-0.843053092681469,-1.2384489344130398,1.199751161151288,1.7108658382849817,3.495099702045751
1.8561669328710817,1.8606803680750845,2.2024339114806217,2.479443315338828,0.06805439316562678,1.1161304570740596,3.602725408186147,0.9207831251792783
0.009097768123197625,1.789771073800651,0.8997835846665909,1.2118012635462199,1.7747560166166068,0.312848957268377,0.19153511662402184,0.12496519441905021
2.340032050905398,-0.9720290588907852,-0.7465022841603357,-2.436108360954786,0.46968084597704385,0.5538905309522645,1.9266648150582046,0.5176110020390451
-2.7843463572195475,-0.20641189120523906,0.25586780824545974,-1.2807524872302936,0.5449995634140645,-0.34243749132345097,0.7689257473669598,0.543884370528548
-2.8169985003657034,-2.7759108675047135,1.9356033639579495,-0.8388561515324229,-2.237636924088691,-0.6800499506550707,4.063569775898622,9.360603826743683
0.13345956032882622,1.619961318591665,-1.705073835018941,0.7373428549140018,-2.487915210037392,0.5095747728384337,2.7240146120426165,11.98679810974835
-2.689909672988354,0.1881277894088882,0.24381072966063932,0.8245794089892393,1.3565480023359697,-0.5364274153605827,-0.23074266304443097,0.2509854519844274
2.855112476775208,0.09780208980717209,-1.0622611623525242,1.7711171686122222,-1.3750064924275547,0.3233398917109708,0.30104996308328635,3.9589449952009694
-0.36617147576618336,-2.529261711946404,-2.847895539507255,2.7758904880675503,2.015880723073235,-0.5475918357462364,6.699915350026561,0.12196023761151906
1.1758452365621874,-0.5462823335143807,-1.9602340795749253,-2.061377743973484,-1.498542611012428,0.9097670605318074,4.777262595041349,4.442662134203686
0.29535998823672305,1.2875755362003742,0.9611842603063874,-1.320396618324343,2.729191683979165,0.40131305652586613,1.5468528138158033,0.07370476237523187
1.4273815001746115,0.32612431506840434,0.6703244774061137,-0.48239962543326076,-1.5136140629930552,1.0093640696607018,0.7994095796968285,4.565217315519113
-0.8641639280924305,1.547076662786215,-2.913639068221465,-2.303564156958503,-2.7239841478694835,-0.6014638744302091,9.829533328939158,15.186403581700985
-2.755627186086179,2.132763504066043,1.2219471562801418,-0.15495702547604884,-2.4129950360939914,-0.17787760509939596,1.7249577183063687,11.237904366601583
-0.050304749299005636,-0.1591693753166057,-1.960788780539909,-0.39689010457216156,-0.6089715936157596,0.03018743876096229,3.9942527519986366,1.8336102536718621
0.6951005883132986,0.810561905205863,-2.728175941367733,-0.7523243122411727,0.7551594942854183,0.9425711841974113,7.7071443798494,0.4708781378484925
0.01881755148052644,2.1389390471299334,0.9521617897136698,-2.022393437511422,-2.5765875155974207,0.17696116716247098,1.9318974172375702,13.187590606026856
0.8545156692378937,-2.8409321367502693,0.5146534876407798,2.6413814485497458,0.45284506725527374,0.3331794892009271,-1.23266644849034,0.6474774413752368
-0.6709804427608685,0.8597293106541191,-0.2504826570509002,0.2737007358956096,2.648788852659151,-0.5446094544943195,-0.04179203504604777,0.11839366562419483
-0.6833841731953543,2.7671433829434857,2.4321038517363824,-1.8252531912642214,-2.5838321947490073,-0.0967355870251797,6.812995482633191,13.262165400095848
-2.39533199173544,-2.890669046090702,-2.43334223546443,1.0980406404981409,-2.572868109238626,-1.0483323301549392,5.325530464459134,13.072730575472686
-1.0861462182374322,2.069251865816727,-2.860368385585045,1.886810895533615,-1.3088713513596004,-0.5140011501417981,7.07883154676091,3.720068280211835
-2.2910110342700625,1.180422992184904,0.7736570806793042,2.264832081162318,1.4104262628233144,-0.4658517563689075,-0.482510751438964,0.18685292575949916
1.8208855823090913,-1.307792564572161,-1.935362737321663,1.5036885098451496,1.8410084356035838,0.7827522550556187,2.9405145861244346,0.1640853349757374
2.94303085200404,-0.5242939385314411,-0.7678914852433012,1.6584777644519813,-0.9551787584818929,0.20172850968300796,-0.3565732326878564,2.5974736593178482
2.584543953621388,2.150476511058071,-0.4260358357498899,1.5052264067489842,1.5272572445080943,0.9065706975737478,-0.8583328913595498,0.20672454405550825
-2.3812567869844043,2.4153174400774002,0.031514234687143095,1.9587447966464495,-1.0797023938163295,-0.48554588455000847,-0.9811307418403721,2.9373764510416276
2.373139370977203,-0.6647899275950211,-2.93497409111821,2.4322918585155815,-2.4522799392831987,0.6081869726909982,7.5751521459443465,11.520705135590331
-1.0841181744575108,2.7003718023048293,2.7036428816253366,0.44062732873971644,0.7910232730187956,-0.672022246283599,7.2554970884482834,0.4259443802881942
-0.30932686813008115,-1.2407353698116128,-1.0280127277805042,1.0351107364622303,1.51424717662608,-0.5299667313535932,0.4935451745889707,0.22461596894716176
1.7494742623550916,1.7377088567673233,-2.452763381707858,-0.03347817178451118,-2.6546474399001343,1.0929226527143732,5.972566086503044,14.227964600393932
0.29717329394241343,-0.3508169917597379,2.3262250965497984,-0.8945099246875277,-2.297597901434365,0.13534284832260907,5.905455587769385,9.898868481276287
-2.142049907682985,1.569063790304833,0.7093083798975663,-2.3932639432632588,-2.4953591633100154,-0.680909115551256,1.5999118055057104,12.189373374501358
1.2058147887547204,-2.563421961814839,1.9311603557421373,1.237453362938977,-2.5119073161486014,0.6007908317016631,3.1408328281025564,12.285113105923005
-2.4909737154888485,2.919837471007053,-0.7543752254632778,-0.7761471175986543,1.876797403545016,-0.2903166781005433,1.0337635674305674,0.20155243368070275
2.6834914643031524,2.9160063829372254,1.5202691115536497,-0.7424424868145056,-2.4989956998079874,0.578256947256019,2.805132737339807,12.191624939463606
1.662881495564621,0.3504254984148303,-0.4546679445181425,2.438126310568416,-2.3328151061630917,1.0638937291018757,-1.0223556231598505,10.27460442777944
-0.0442493742548451,-2.931878131395486,-0.18803614803524216,-2.662180345908976,-2.2870925023915687,-0.254069852548804,1.346080390904723,9.935033566791425
-2.2948425193373705,0.8952618126963814,1.4762692755925393,0.500212590582958,2.7730352908472513,-0.858978967915182,1.8414664200913855,0.002790254105266593
-0.7507765228577759,-1.2857274823088356,2.2115947691367612,-1.6584249688832842,2.779335236643668,-0.7733738188339208,5.637675871910741,0.10803747069501068
-2.927073151861102,2.8192729602458346,-2.7410405282965433,2.3468586821884267,0.16620665451779892,0.19181622705026857,6.317225947479828,0.8969003222462391
2.9577887767158018,-2.557220611587607,0.3231257064079247,2.8158152137145933,0.1385870650208929,-0.19391547358736597,-1.2667608340340586,0.8370564398009779
0.7763918288115752,1.1744921339077035,-0.27275361139336063,0.7653484805043806,0.5058858715386014,0.9854162011384104,-0.21692124510074498,0.6725944487537351
2.4069480629459337,-2.727321717951253,-1.314220862446618,2.7024689044593524,2.341582703345498,0.43949318884162203,0.2956241279922219,0.08367297500958217
-0.2660594832857224,0.7207955868092206,-1.335712902113204,-1.8712730416574321,-0.21780957036010706,-0.2613532472298138,2.869034334596346,1.2577849557925387
-0.8798866318436831,0.5019366711052324,-2.5335921782100908,2.8463688459969987,2.917264466877617,-0.7260498819509599,4.9687925423845964,0.06709751860777839
1.1889702841184704,0.21657819806472212,-1.1428343022820335,1.8827701182416918,1.1083870353232754,1.0054762821208154,0.3625484539167729,0.3233755198947267
-2.024298363930652,2.465563106963055,1.9352234575390135,2.6987994797515444,1.3543170503301596,-0.6447614685206261,2.3209689228186994,0.2986639332990147
0.6804911756147392,-0.49054178225628675,2.5963709001240796,2.19638333700245,-2.7286879793628636,0.6339962939310043,5.400526156482604,15.352457582969812
-2.841798153016488,-0.7412197987317022,1.8633199846909978,2.9236567758896665,-2.097498653378831,-0.4615132185031009,2.098537517040132,8.058342417880135
0.5647842921128108,-0.7146548602138711,2.819486386887619,2.0527135388142526,2.0299722282668267,0.4807042155158552,6.996831106146719,0.1965561807580982
-0.18784104123017809,-0.5110829859740091,-1.3595575684157626,-2.6617470200944373,2.188334257530319,-0.3792180981107892,3.1511375361719782,0.02897872905062139
1.8774060547804652,2.998306039716784,2.9798210224434323,0.3325902336157647,1.613924491083063,1.2420703244699076,8.719737280710426,0.2507320044190585
2.668594379294568,2.097884344064469,-1.515911389540814,-0.2967351881394391,-2.22504350909103,0.574955082272045,2.4979488567796913,9.31022068013267
2.7243061635523347,0.6370478067052803,-1.6281431669792237,1.0302041064351402,0.708769442747375,0.3954330653784951,1.9794935332749117,0.43770124467714955
-0.8510236918029568,-2.318654446802226,1.0294391735567974,0.12184620542275981,1.633910350413836,-0.8602117578677989,0.9459166416072927,0.17462420245121602
0.12098100667196032,2.1130890019112405,0.31144103264691303,0.3656278292123174,2.25992161595007,0.44112601367504645,-0.00639192982780043,0.04907343106465164
-0.5791028027256178,-2.195908629296156,-2.827303942119966,1.5308235340417138,0.721857308120788,-0.7059502951523613,7.102806871789319,0.4751029945569013
1.2244786085953416,-1.7222150309465356,-2.1817711464793814,-2.9127320059927087,-0.8964746471604181,0.6591762082241635,6.245847131822972,2.435545694302952
0.5395061211277987,-0.6465357294016059,-0.3751504678576256,2.4249521669624903,-0.9104671978601981,0.41741790686138025,-1.2073963904097902,2.524466501343462
0.08393693495886456,1.7019180764468587,-0.620743306072379,0.7325202013672412,2.1741822524804713,0.37533998564247495,0.06570514959339932,0.1792165317584743
2.6971237419458527,-2.1175591144257724,2.559525750968966,-0.04730224152277085,-1.45053367020625,0.23239423352404642,6.571259042404885,4.335174410094696
-0.24518546257043194,2.8801954517128623,-0.04429143604278263,-1.0274903382749507,0.8004051259003546,0.27721625439148156,0.35419371885365636,0.42103856485569047
-1.5591262873308416,-2.5448200313480163,-2.2267216685361046,-2.231724966253365,-2.088583838926234,-1.2150821250576342,6.190625807700614,8.063012631849713
-2.167036964103539,0.8452484688192876,-1.908719493605131,-0.9259963000568208,2.380730459436071,-0.723722715079287,4.032749097616833,0.008311088141780151
-0.15623015842276589,1.0053464311261635,-1.966080772790221,-1.8462658871479753,-2.754788302401127,-0.08597239618770841,4.707581305007942,15.67741964511911
-1.9863896215670127,-1.3284579658082483,-1.937937094339519,-2.467784797457666,-2.276184773396395,-1.0343686550735274,5.009549500069026,9.78769380404186
-0.23532739180364537,-1.761997689565245,-0.8143808337115472,0.020503625129141057,1.1423689717761913,-0.42460811884690436,0.7678280646950157,0.3998414174658485
-2.7641271609534064,1.7964623934542558,0.7674023369454464,-2.5094458083067686,2.2414717446406636,-0.11810846621604437,1.742047069004877,0.04458449629172093
2.525234403190879,-2.6335322408708173,-1.3387341111167776,1.837207678758368,1.4895581423019504,0.4103843801975482,0.8797731658732421,0.1958490472284934
-1.892873883861736,-1.7439040599797382,-0.7771673832517081,-0.09286208885387204,0.7095286291817757,-1.2015691920555416,0.6933018360503007,0.4905557109685565
-0.7865181625813653,-0.22479170320111264,1.4848256288025397,-2.7799007826564126,-1.4853783339358755,-0.8635007622180553,3.663968100003378,4.430644117972276
1.2800975153073146,2.3712410261231955,0.07006465269399698,0.1926809115918937,-2.3569679319613437,1.0115473801579506,-0.07378724471109391,10.51840742549338
-0.31552579905927214,0.1957035987301392,-1.545176978191622,-1.3845406143037142,-0.7362950213722641,-0.23994686365524132,3.0431394171769175,2.1093875379955764
-2.879572813333642,-1.0675250065009303,-1.7313119580207321,-1.0350158869325121,-2.2814272090844927,-0.4761211408007532,3.4321900173869655,9.766951771196846
2.3431636844393697,0.561554721324292,1.0746139148669371,1.7350274316440295,-0.009346806425656329,0.5571270711867548,0.29589573850826745,1.0086680106893762
-2.478478271475458,0.22263925091128645,0.521046708125275,1.4726368451059795,-0.41004272262192387,-0.5544524267051376,-0.572042651703365,1.5341963740947386
-2.2345181832266174,-1.2973445652076532,-0.8215062216081894,0.8755034479896073,0.4246698280134713,-0.6681393370793172,-0.055014300203300726,0.6543067907278847
-0.8634196446129225,2.919091492757878,0.6346489161413231,-1.5766392495840331,-2.3893051642775776,-0.4687671736088402,1.2347548519671394,10.88409419695683
-2.0828451648940076,-1.5242536296929512,-2.0359117604426658,-1.8805978556921654,-1.2894289878369174,-0.9403187659515516,5.175629108263457,3.625232292378501
-1.959758428231471,2.3805925477585514,-2.5185975260301467,0.14706833742152803,-0.5376190380620312,-0.6790609679943094,6.033506085860228,1.707507827346473
2.894271701451638,-2.327766586991686,-0.6128664057255504,2.8168225996522134,2.193042755363882,0.0021416877442624552,-1.1337791390301455,0.09307617939377778
1.9024324256956797,-1.452583037730361,-1.974674475659605,1.011859319546586,2.5762559347655145,0.8921602556560235,3.455325051148763,0.06311843546799811
0.3405773580835785,0.4296761368193991,-1.320125438038295,1.6169575991516218,-1.8777375086548598,0.3479715028179382,1.140001919551159,6.61862673330288
-1.057924581574538,-0.44738136830149955,0.04566227210673013,-1.5455416055095186,-2.310979051564779,-0.8893378955953469,0.7769352166162492,10.112338838588924
0.6637202546497956,-1.2682166805584654,0.4874293285356739,-2.0738237083547864,-0.11315938887109489,0.5213996871762975,1.2016989103712175,1.1050363881397376
0.19553659530951517,-2.6890587790654386,-0.9803743308364767,-2.1935119383661545,-2.6197501771633935,-0.14142199065183542,2.039600153635663,13.767140236472114
2.939761394339671,-1.0658769301516622,1.8592466751278094,-1.472156071417417,1.0890163333435758,0.19308029459708825,4.330363876597341,0.319856406888035
1.5613671593381193,0.5738324436470656,-0.17054286869904978,-0.5289545151163888,-0.906790400742028,1.0398428144250693,0.2289657097098422,2.5350178679835516
2.5771748654869553,1.9837164467263744,2.790161463999075,-2.2542166590867314,1.3852048512218653,0.6577211244858101,8.832190124063802,0.26875463551728973
2.6300427409262266,-1.912601603006039,-2.601022395799335,1.4467238957403543,0.4468386790794714,0.3519201618055116,5.993681203361333,0.6342819812089241
2.0509726605496326,-2.161365740242263,1.771603871159341,-1.7902360797135328,-2.018064342805773,0.5809301095305643,3.938365455337657,7.546133280134914
-2.0144052124140424,1.8874483213882929,0.991183324177201,0.13839254861471595,-0.8470170952589848,-0.7116456601093032,0.9255151394190879,2.254134499056025
2.2632032448786497,-0.6453293554641877,1.8995966368294628,-0.36519054857868927,-0.7383334234505545,0.7042668543994891,3.9535305027901066,2.0361070131617263
-0.22392128598236116,-1.1917327550151475,1.4856562810575067,0.016322340554874692,-1.6067238291190962,-0.23263842738048657,2.231321342479787,4.926751732076417
2.3974474396474106,-0.6966526717607318,0.26131716668393157,2.438832665787282,0.7454279754839526,0.6551477760709189,-1.176365021502552,0.48167832350701323
-2.298611755749816,2.638992741680851,0.7662483184285072,-0.9905663120574832,-2.1643675640196767,-0.4852328688719619,1.053238514631702,8.79571798146436
1.764151135621776,0.7204365355710811,0.2007665518579289,2.3633554983057454,1.731583267347185,1.1351854081978765,-1.297689621677616,0.2885689507473783
-2.089950721603493,-1.1296675932267106,-1.5090651611132055,1.4636777554360618,-2.798805391585324,-0.8421850382063562,1.6337497604823101,16.456916142078278
0.4193381092278994,1.5747521144441432,2.260593820570497,-0.947509507704555,1.9275438280320767,0.6204122407197992,5.576255455752515,0.17054736934946138
-2.3362095782687566,2.0787137504071094,-2.2350680260081055,-0.6162762566377964,1.7837721946773222,-0.5121894668866668,5.285619217843605,0.07795032294648441
-2.1004954359073573,-1.624491628604151,1.3335154103583982,1.3202192192764457,0.846885797311784,-1.156591927926353,1.4374644968095904,0.4016143734354722
1.1636906668025997,0.25634666008557705,-1.4892056465582835,-0.9258240389764834,-1.910413699191446,0.8373939903807754,2.7105207680658854,6.7164939362768035
2.4507033680017702,0.5003507685967228,-0.5948914994181607,-0.22796517813520367,2.683700037670892,0.6567353948257615,0.3926993801380708,0.037267556734558616
-2.079891581303519,0.5173789921007836,0.035332073306795664,0.6687254126078868,-2.8913388970749567,-0.8823991475556854,-0.3757501105203409,18.00900973522726
2.2327434536649093,2.592709694901674,0.39079910153525343,1.179904943261354,2.534996287063774,1.0293707575969016,-0.3223839629502402,0.05565748467413033
1.243431805880392,-2.084765742514432,0.45773016100087904,0.6402902782971354,-0.4552159721856839,0.7440814839172616,-0.09930119780490058,1.4775488388879026
1.4186654137483368,2.606202088614089,2.553411077440658,-0.29496377157520737,-2.3205717249554683,1.3020398779077116,6.523562218352529,10.218889169194096
2.9090471937740077,2.033388518675604,-2.252023912780399,2.525051295704234,2.2193781723727692,0.42674418502839523,3.901008949340142,0.05503951468467719
0.11302834275643292,0.5476526144695755,-0.6059837767792184,-2.671430167067812,-0.9888165501245947,0.21620325843511762,1.6361170126996123,2.7000137583196793
1.8171206915880687,-2.972207861972383,-0.9990049698531349,-0.6109878384543403,0.2243736176275375,0.6790418965111753,1.4908346266401877,0.9027206854140111
2.519133698476563,-0.9219240338042325,-0.9182807886226341,1.4250074886584905,-0.28669235466115683,0.29329563249515067,0.23874066899562632,1.2860451328453324
-1.6523710623601082,-0.28536290320383983,-2.154857877721201,-1.9416780809626601,-0.009793363563121549,-1.119144455615871,5.569519324092573,0.8833270993416441
-0.48644730297271277,2.4890754064086007,-0.8256366053002013,0.4835301016682605,0.7935857275171823,-0.23298947833674805,0.5680123893510215,0.4379201345747381
-2.921433260469998,0.9812242321002635,-1.9317841987814914,2.766421904816731,-2.1080236334813223,-0.24123222272115508,2.3553647893062233,8.287003816773295
-0.5122552576378574,-2.487901991528137,2.9812455110756844,0.013170061987455739,0.5723101039202625,-0.678941593604514,8.966517133827411,0.6621378967022257
-2.5975411356694353,1.4997628223950663,-1.7405664414264854,2.3883257366442825,-1.769162157107957,-0.21455541905196002,1.8838819504273652,5.804459088938461
-1.8558736760180006,-2.780701992911431,-0.16759832934000451,0.38904679957569854,-2.605748163429886,-1.1158339165976259,-0.251069865289376,13.566187619828806
1.6531657001700637,-0.28026699151183454,0.14634161596548,-0.3554235183706309,-0.5954216347480443,0.9472385745011163,0.1347726445169573,1.7905300201460492
0.3578419878493073,-2.068558524415725,-1.9084312170283733,2.170713726081104,2.676692772801797,0.292470499095702,2.659748928845962,0.06349286574436913
-0.7601441023214823,-1.3755319611386774,0.8639972594340946,-0.5475949734114218,-2.847681866037931,-0.8117123389027963,0.9868112178046828,17.37997002789951
-2.063084415802858,1.2958333730843847,0.9535436514609081,-2.837424044979099,-1.6681670284023034,-0.7853789757712657,2.2875926714067516,5.227291146487591
-1.6135512204715716,1.0313564615923703,-2.881736773473815,-2.375348508092557,1.799496512239136,-0.957290768949484,9.396568827702616,0.17806911821856386
-1.9287320276739983,0.9164766471112484,-1.5709033137196409,-2.403351643443929,-1.5409668540032755,-0.8752213324069146,3.711772949336659,4.692487088301406
1.333601591133955,2.1341788086377145,1.9813191874019491,-0.6168988222892713,1.0085108194238774,1.1466011697148248,4.44032762543607,0.41905108770558075
-1.7700942275050742,-1.2411136184339204,2.3780149111267184,-2.9219884589355836,-2.4869488148731915,-1.0872755614730143,7.009195855583378,12.029430178367399
-1.752682469123836,-2.8408067767570815,-1.9113873894612161,0.49824936581815304,-0.4714526964450121,-1.2515275472748613,3.4066990153495618,1.6177227151423388
2.3560302664618487,1.9046613704306452,-0.9490958898127442,-1.443459399412245,-0.7218455509963988,0.8979936344227626,1.76373476330711,2.03864584444494
0.5417696550888467,-1.3916181550627424,0.7448934470948041,-0.5435300868525577,0.3122830851118814,0.42018503580769323,0.8186671518264871,0.745230691544455
-0.3832408251880999,-1.233205442748494,2.69071984177294,1.5816347649585651,-2.1593209454012845,-0.3781840728056487,6.494393064056286,8.648091867529528
2.2108078553874773,-0.07541281050291815,2.3673133613645483,1.799131535683891,-0.4487189731845991,0.8895030055018963,4.598367430238483,1.5973830162925682
-2.865184150079296,-1.3879358436903235,0.2498052879652013,0.8008693189568836,-1.4526738874007863,-0.5601856276328534,-0.29520126786229983,4.2560483400883795
-2.163863555563055,2.0095814207957945,2.906413084221313,0.15414109381611496,-1.969924284910179,-0.8836642579544076,8.351452042724333,7.188988600180748
-1.3661560408837863,-2.8896559407151994,2.4857928393629942,-2.293493502659153,0.45909885308552134,-1.1746677500985532,7.4244857911259,0.6303896405309155
-1.355668675876764,0.32506801509476047,0.9085223301111851,1.97845082224321,-1.7614723694363807,-1.0811302205841022,-0.04507398165447267,5.877304265514293
-2.934025028049117,-2.1786862195871564,2.4001118510886306,2.2433404653750912,0.58447861302185,-0.44642551025197263,4.897823029250408,0.5548267191107606
0.60310116260192,0.9902200472775329,-1.9477723282593025,2.4864716755497582,-0.48737685064756153,0.5492099562170051,2.6085445222791424,1.539388398315005
-0.7011688305030153,0.11350623169702523,-2.7182041993496697,-2.0022997874635236,1.4282016985582224,-0.8139586384472336,8.422363594752158,0.30283573404054503
-2.503207992449241,0.6189126567983294,-1.5279053419120743,-0.6642263157481407,-1.2678375793758008,-0.47986146784211003,2.6860463218752564,3.507874205679446
-0.8659637012103052,1.3142754311054734,-1.2172697062609499,0.39842784178138313,-0.143697586805402,-0.5543769462361596,1.2472149876088587,1.1218465922037357
0.9820269921758888,2.6209784359485475,1.3954325832615018,-1.7103577284554594,-2.812901189632292,1.0360715474545075,2.8362593430017666,16.6283936462838
-1.4264157342010495,0.5704675842015288,-2.6914451190944977,-0.02180251679258216,0.581057093501335,-1.1916526865224553,7.225237946479983,0.6280287190173209
-0.9945366550982353,1.6254732224749313,-2.360410481197369,-2.5491733095851474,1.3691325372216205,-0.7305837060824314,6.862970392165931,0.14754377281734127
-0.027052102762809227,1.1304143785664165,-0.39103596837752264,-1.5215878005653591,1.914613906045198,0.1251730350414858,1.0454627824084224,0.30428615804344217
1.7964952738138757,1.1681788251265601,-1.3671291766202238,0.5413840012145226,-0.834156618359839,0.943564655083577,1.4976959284310656,2.355673870356192
-2.450507560040195,2.5038814527734568,-2.1790882144862316,2.7014241229248146,-0.3239653622522658,-0.3686495441401892,3.51170124116329,1.3937613618667304
-1.8892024269682821,0.2514056842701491,2.23767501525845,1.3933493184573669,1.8393668871686986,-0.9261260161729127,4.442226321417206,0.15617330726266918
0.9527002002643039,1.1536593871071146,2.0951739093919155,-1.5019919468448844,-0.06345021814115714,0.9882782870459159,5.128942831319937,1.0797841453327697
-1.6727433490823866,2.926008047979882,2.6643560381196796,-2.7634391317889646,1.2334510350941308,-0.6902490598962318,8.268327173858419,0.3173417257061469
2.5514899044939945,-1.9165479292359988,0.407671383315777,2.4929297855282506,-2.7963241284852067,0.2674847113674615,-1.1410511346989693,16.416570106044425
1.1845216034810395,-1.2159059557646954,2.5463771722591826,2.8263494709922066,2.6655989346806033,0.9243855004191375,5.200561422562679,0.09733790384780673
-0.1547147000552176,2.172255905935881,2.067296391210422,-1.0853971605404662,1.9734928449040643,0.0472744199140637,4.81412614315198,0.14344963880309275
-2.7779541917070443,0.5776192708923182,-1.6199469762737817,-2.276598685336327,-2.538280790224745,-0.30064564577081265,3.662597325377241,12.648023763343778
1.177732655268839,-0.9607502173916034,1.3486006291725685,-2.607861955206346,-1.108257973016338,0.7343381309776827,3.0721771424849984,3.0215133974994615
0.2369477542520233,1.744338989033781,-1.0874849824075805,0.7553482586220546,2.3158664894171226,0.3648424353689249,0.8890114603014436,0.08893522719760198
0.6951791290938276,-1.6022431514781974,-2.853595310660772,2.2205932434055793,-2.8723835348976774,0.3918184234694161,7.087382932142496,17.73579529293413
2.2482100361051964,0.17362280416327192,2.6344061910773773,1.7926994146419926,2.987604663200025,0.7792640323542722,6.019853062348849,0.08008587256621624
-0.8957291072897391,1.6031297335867611,-0.588414518344547,-0.12074627817654715,0.7650327793102205,-0.4491811227073662,0.36992234330545015,0.31829924616581384
2.2420626851180323,2.904500815195771,1.6096404831871087,-0.49339930699599766,-0.4718579863375787,0.936294614051265,2.7984663237084453,1.6357647627867962
1.4254938095333491,-1.567337125390186,-2.337155321211632,-0.8722670541553406,-1.2765660500755096,0.6713722968140642,5.806187504095667,3.59404703614833
-1.2221512772640595,-1.5983534937005404,-2.7474408621818287,-2.892756391599517,2.926334338416189,-0.9525547765782804,9.156347055933132,0.052657694983073475
-0.43336119758482594,-0.6940401170419097,1.0778836961584188,-1.690476672809615,2.699767103701352,-0.5102600347504723,1.974839551927808,0.04779524382324936
1.718070086493312,-2.4635339861264427,-0.49451534529042984,2.274709845372988,2.668392133748462,0.6759141347501127,-0.7710936438762314,0.12556929918916132
-0.19559093250078163,0.680468335264246,-1.9977963234475486,2.9470117568218592,-1.6099697916993396,-0.02230893178364779,2.6698158767618576,5.050036426796626
2.656390644810754,0.8978798939542108,0.6464207692731545,0.07613106609905174,-1.6159811296934479,0.4956134974630981,0.47962536771296704,4.9941794709676
-1.9408318079669504,-1.6770827455789479,-1.881370427134473,1.67750684140052,-0.8992484449996194,-0.9174218176830196,2.657639232124084,2.4781078929569103
-2.652943940619622,2.8146157808448677,2.302715309780554,2.566513699171278,2.9694469358786115,-0.12017900869188733,4.059613957345776,0.002748855472880861
-1.9566285046830763,-0.6225478865840475,1.549430854224548,1.1761237083227538,-2.0766245619608696,-1.0375315092597028,1.8102545572225444,7.908514965723698
1.8949987499437064,-1.653356568980036,-1.6570943110642615,0.22184653736048165,0.5576396090502191,0.9983002626983832,2.544668101008286,0.541223071806838
0.48051724702686727,-2.4510789756134708,2.2647651757822818,-1.4063997444677636,-2.222910472303175,0.1565585193727629,5.864797101842192,9.277287255788293
2.332488479213863,2.73390898937852,2.172765703592704,1.8570964483492682,0.9314518838341304,1.0712696496060505,3.674458599418084,0.44163753213847207
0.30514422365483584,-2.4780794405315394,-0.5492807215758075,-0.7638688979261161,-1.4414772974380428,0.08255205336681476,0.8024116989040542,4.252589919026997
1.34052068213151,-0.024745589527375156,-2.5137227045541124,-1.678900788301132,1.0995525819575755,1.101303087216002,7.111790499811568,0.36927483889164703
-2.543214843058199,2.1072414842926124,-0.029120837916154052,-0.11648053604011199,0.5544467079571058,-0.19642761221008284,0.07920425680827883,0.6001988930535276
1.9480857955508952,-0.9131447525868417,1.0680969153543813,0.39439178397474617,-1.397830378983472,0.8415525540766989,0.9719639157567855,4.014337177541261
2.2717799181309477,1.7845561296415688,0.9507110079505532,2.1034903745654514,2.203765205758814,0.8673219964065096,-0.17378426401477667,0.13198287333693667
1.2501778602902087,2.0220799701820322,1.1848287700157023,1.0808446305618027,0.7116682692911058,1.1972458989840664,0.922066279123548,0.5308451625782791
1.5162998373458478,-2.048369368241558,2.2852245551935706,2.2310611664713917,-2.824516301792645,0.725906959987792,4.0592303187617045,16.89050591582434
1.9549005033885756,-2.226780795159329,-0.9892868744451486,1.4610495377496466,-2.0354406237101506,0.9057951406524227,0.3352934808203524,7.7150703007235455
1.9078021447143731,1.9928050677464517,0.04480640256501722,-2.9616847696989987,-1.2777712009505233,1.156682999040481,1.348252030535643,3.6240476573297844
0.7015615102544532,2.8871170681645406,0.7908811621000105,-1.4411785136150412,0.8040342185976681,0.8975907619536355,1.3587202273268248,0.4650923347152458
0.23991227829513306,1.6790723709068613,-2.3581161670382498,1.5661674150121678,0.24759947205666144,0.4239926857666924,4.9715210496469115,0.8341800737590568
2.7779520231539676,-0.9487670037678835,0.795731358803689,2.592168633060105,-2.3849416320559245,0.12608981632745225,-0.7629290536070447,10.857102799292782
2.6233709234187064,1.1273143338048799,-2.5929776453689684,-1.1942185983191025,1.2490325318716895,0.5109061658945172,7.252867871490265,0.24268838268509385
-2.59589639118737,0.49302276105763987,-0.9247016582822596,0.7254931066048629,-2.725547797124923,-0.34966969087835975,0.5437173884934208,15.25662028785102
2.2292208369142577,2.840933815064382,2.8132671317141487,1.497910990457548,-2.219482559216208,1.0093611636563253,7.183474637348339,9.165322717537721
1.5495791755741353,-2.852478501247191,-2.8672586908260165,-1.0583386851027525,-0.0681408575720055,0.6098359762977806,8.785404752596055,1.0367571744075468
1.622444506846759,1.099772259639031,-0.3245837617395102,-1.3582400023100047,2.982747000946267,1.1623090304281154,0.8333933325547398,0.04342756383279537
-0.4429121865841621,-0.29167785402194735,-2.018257072849985,1.7688572924995762,1.162093354688932,-0.3391698307743307,3.2524051127153784,0.27320963345610794
-1.6753823232674376,-2.505713726304944,1.0829958124482788,0.9270672856868112,-1.360442838010744,-1.173211909621369,0.8203162711327242,3.8825209898933783
2.7051813735024623,-2.0936526493145986,-0.40599119374438875,2.6616955210055933,-0.48163609844326594,0.3129293325595175,-1.1250370454119516,1.5240398898075447
0.8311556859845135,-0.6144336122232343,-1.3547087859079798,2.903865887758969,-0.5439959621097419,0.6015879525200393,0.359177185274934,1.733542364574492
2.364595222074806,-1.620272364653483,-1.7213717758495002,-2.813195502692932,0.9100009522553103,0.3969333825069937,4.436975912158,0.40258411449609977
-0.7888419376574332,2.186149499037822,-0.16074055985065705,2.8091605674883304,-1.8868469057812731,-0.34078938441510365,-1.188754562673541,6.557675626705165
2.211739007733665,1.6595811167504504,1.625531067864312,2.068699368701326,1.566143945657993,0.9352225646091026,1.5947381936031702,0.24181124802545023
0.7573219297884926,-2.2125307339056746,-2.8048429230524885,2.5250870868941213,0.6999018871244282,0.44064144017472684,6.507147349083503,0.5435125344750362
1.779223745857058,-0.11086589092469978,-2.2961508662256334,-2.248885246784697,1.1133917233738284,1.1000903504060078,6.507459490789772,0.24806508847223882
-0.41816463060322384,-1.7968516397979797,-0.050432719551378735,-2.6147463775491957,0.49182841148639245,-0.5301460747557654,1.297878531580586,0.5733710455284252
-1.386039573389414,1.7853546038231292,-1.1378282464585574,-0.26867910550919305,-2.930276760551396,-0.7588567283275394,1.2117257165921484,18.69435716582689
-2.565318673232647,-0.6450386615598909,-0.12036699169725917,0.6001232887158223,-1.2500245277441806,-0.39290709524054607,-0.2008312639526209,3.443433413695483
1.169891316759255,2.1607343831352273,1.6791059333600984,-2.762287047909857,-0.11695831645302635,1.0724298046243201,4.147007440804624,1.165546315478648
-2.370418929490951,-1.5477299048248352,2.9199755596028787,-2.145026742590921,-0.006671079291863613,-0.7589663656542496,9.589717311743188,0.9970020735661549
0.7089344059087148,1.2147898232646241,0.3578921009214846,-2.9413749154848983,-1.0412321505360487,0.7782055899809494,1.6319722467013447,2.8194794420806915
0.10626986030826835,-2.472801005131,-0.8962384127449154,-2.8007813472518004,-2.5285290170698755,-0.1143509220081316,2.2226839340833324,12.434860600131088
-0.6184603427904234,-2.203705475741638,0.4052450895693491,1.1367898148235946,1.8035201946544976,-0.6473050834471171,-0.33322614307782356,0.19648892844156557
-1.7990985345311394,-1.9951045064455815,-2.3725929579935983,0.8185814972618202,1.2388543589214072,-1.1227789250151312,5.176357958632918,0.2277530186239369
-2.8104831310461478,2.617273477462139,-2.6881722980911658,0.24777801180642278,1.2543631167054983,-0.00953552838072888,7.153691878139136,0.288254097611726
2.225814742476514,1.284521592794567,1.8103684984187511,-0.9632988447431634,1.8889506824790736,1.0287396028949418,3.7331288546801535,0.16509926122942004
-2.5193109216919494,2.3688999363631655,0.2855542569224174,1.9037866197749622,-0.28609029289019894,-0.382495978158263,-0.7964710281522168,1.3992455786553637
0.86146617117915,0.15841596561667926,1.3895371305319912,-2.5102201078164628,-2.637887496056617,0.6907189628413521,3.2474602394366165,13.91819088606254
-1.5173805959391213,-2.04273191932087,2.23070139955321,-1.684716075851734,2.8551915349147876,-1.307327830358012,5.724842901690057,-0.09343080956377695
-0.9786252493733589,-1.9072925058678043,1.7381910428548748,0.9522466530052567,-0.010825701281166111,-1.21709572836766,2.6537829865757923,1.020076988450961
0.3321813056257872,1.3152106696335828,-1.6292715520122076,2.9780034963404516,2.848758972880699,0.6632476432886307,1.1119276975146375,0.1479417108841336
0.9019541180816213,-1.8027452944251292,1.0813694545877475,-2.566809546124945,-2.816084986765164,0.4939447465216745,2.5335704502059895,16.77324480189522
-1.453902668932718,-0.22426225956410217,2.209635032450283,1.3630144185978477,1.4562391271998862,-1.0377273006638694,4.237708498672774,0.24359430103720695
-0.44703999331154787,-0.9243900447182227,-0.7737674220923836,2.9258973824163466,-2.759344851525105,-0.552418637514259,-0.6804143000371681,15.764913286027829
2.202188976734691,0.4720524514343607,-0.36830748486245746,1.3515459624908193,-0.07998635145178312,0.8851521675160472,-0.5624691760768855,1.1236284123119467
2.2405394284899636,2.4042111840675506,-0.4696744387592675,-1.3390332165896905,0.5541019715601734,1.1059760099223994,0.8551790071068585,0.5259107159793358
2.474180073700146,-1.7360268659660005,0.7377995013808967,0.7893613205551233,1.3986781344916857,0.5314004969280292,0.14772548337156477,0.2707410359684091
-2.210593889236441,1.2949497880925316,2.4541951239938458,-1.9219013467785482,-1.5747400504567342,-0.7310294012828487,6.953706401741014,4.854759540192905
2.8283705642498376,-1.9141382837430614,2.1263105602174743,-0.04633286131179126,-1.5166135535809377,0.09999955168803279,4.624357219342451,4.609778282492046
2.2244994076350686,-0.32816846998400706,0.08890412357814093,-0.8445997836014056,0.5577051086095643,0.789278439271738,0.26857277414624137,0.7105044338522444
-2.0188567644898634,-0.6535107800894355,2.816473934011725,-1.4511994037932348,0.9404199872477532,-0.9915092415086583,8.552756880949465,0.41008460945445185
-1.0488596146518308,1.6408387541196037,-2.214758035689901,2.818926270471268,-0.2772627516981645,-0.5420368059376836,3.3889097292594355,1.2940648484943276
-1.5836972199212163,-2.559019516019924,-1.9814525694747556,0.1186436913361062,-0.977980941412282,-1.2067212410705974,3.961863198607415,2.657803260367589
1.973300195295657,-0.4146748580291644,-1.5077143644742206,0.7028699196241801,1.2406633013126749,0.9521033482740476,2.092828982288005,0.2007385374088846
-1.9977485525943008,-1.994284702270094,-2.779971438398742,1.4184120903938435,0.9828271657308303,-1.043372397489564,7.008590231262102,0.33951587411305195
-0.1522147455011167,2.065022693815183,1.834020917700319,0.5121261863805131,2.2096276830795514,0.17222201465438275,3.090687461053063,0.08927737762177228
-1.7649527397793905,-2.3284822836136327,-1.3815023308980623,-2.657478863464111,0.18701716800619206,-1.1959568518782202,3.2442933383201527,0.8032250767157066
2.619634153769769,-2.763938755988942,-2.267340515939839,-0.28680583029938855,2.6032501051674295,0.09250173712330267,5.40042376063285,0.08165031673374211
-1.103063370139497,0.043408852130354614,-2.7505628456976474,-2.109940794227467,2.919780737753081,-0.8482830286665209,8.527831051827016,0.012824517599259004
2.790712178616273,-2.970360114393542,2.7108707125394336,0.8347196268930022,2.2075097671201327,-0.01844693221886573,6.9552971049310335,0.16602570246724108
-0.2715608661968454,0.09357617147550146,-0.0669205184584789,1.001185545276626,-2.1620924714621226,-0.3117394795997971,-0.3985946538693184,8.689311116065435
-2.820158460763932,-1.1524203504528545,1.2280845764198798,-1.7888792872623098,1.0405945999495039,-0.372533256428504,2.452740787465535,0.3527795642352151
2.819472276643623,-2.43659570526349,1.035612709350758,-0.3374986841725729,2.208853526265032,0.19674732547680207,1.2602011875149786,0.0934317537250345
-1.9371012633156846,1.155755713356987,2.0286917378886615,2.667685316844139,1.0994881697378744,-0.8159544407765683,2.8818521182123624,0.3408010349936465
-0.016951415949436388,0.7070834412072831,2.2134299068723093,0.42365847983297833,-2.817677641818979,0.08464104125250675,4.417119483420348,16.779188935653885
2.585692173041867,1.1371605061893666,1.059080314663479,-1.705949085613697,0.9533128213959432,0.8116459503564879,2.0424131876676332,0.3421054285901248
-0.6368135660750491,0.9073978622489527,-2.3604418181520557,0.947071827618216,2.996482354624,-0.47982148461175805,5.032742094759132,0.017056685554760906
-2.710727766836664,2.8630451053279042,-0.5585522356627761,2.224520702023555,1.6943129043496405,0.1288160230994228,-0.9833430407335377,0.16853912116912434
0.4020975659200068,1.4306952555079588,2.2710933678080876,-0.5751580700938019,-1.0378010306205678,0.5909699604794033,5.49656438030128,2.755708941876271
1.0055603133815083,1.8470756516475513,1.573710808659694,1.786881893151807,-0.3865001111224018,0.8530935008366038,1.7204906172327405,1.4308576676325377
1.90700529705013,-2.2787456677763496,0.26693458776509704,-2.965448037011271,-1.0524850205983782,0.791471742735814,1.5402332411881885,2.840950227056259
-0.801230790771613,-0.6229638503444677,1.1728032401391726,-0.6686513923779254,-0.3078382642648161,-0.742393594075674,1.8050805909901984,1.404200391793929
-1.5747352147540352,-0.7604892502239595,-1.6363822364210912,-2.560824457389338,0.6206915602882672,-0.9470658922049736,4.119386878168025,0.5507006116422661
1.0092767913300973,0.7169420760576868,-0.21903573719656588,-0.7212853189246209,2.1800018974309516,0.9854593196398809,0.5401107589899583,0.12272081172053151
